{"if":{"you":1},"you":{"had":0.029411764705882353,"ever":0.029411764705882353,"capture":0.029411764705882353,"better":0.4411764705882353,"own":0.17647058823529413,"only":0.17647058823529413,"call":0.029411764705882353,"but":0.029411764705882353,"can":0.029411764705882353,"set":0.029411764705882353},"had":{"one":1},"one":{"shot":0.7,"opportunity":0.1,"moment":0.1,"spot":0.1},"shot":{"or":0.14285714285714285,"do":0.8571428571428571},"or":{"one":0.25,"just":0.25,"i":0.25,"shot":0.25},"to":{"seize":0.047619047619047616,"drop":0.047619047619047616,"reality":0.047619047619047616,"these":0.047619047619047616,"his":0.047619047619047616,"the":0.14285714285714285,"blow":0.2857142857142857,"post":0.047619047619047616,"coast":0.047619047619047616,"feed":0.047619047619047616,"wanna":0.047619047619047616,"formulate":0.047619047619047616,"go":0.047619047619047616,"man":0.047619047619047616},"seize":{"everything":1},"everything":{"you":1},"ever":{"wanted":1},"would":{"you":1},"capture":{"it":0.5,"this":0.5},"it":{"or":0.05555555555555555,"slip":0.05555555555555555,"he":0.05555555555555555,"don't":0.1111111111111111,"you":0.3333333333333333,"go":0.3333333333333333,"only":0.05555555555555555},"just":{"let":1},"let":{"it":1},"his":{"palms":0.14285714285714285,"sweater":0.14285714285714285,"mouth":0.14285714285714285,"whole":0.14285714285714285,"mobile":0.14285714285714285,"own":0.14285714285714285,"hoes":0.14285714285714285},"palms":{"are":1},"are":{"sweaty":0.3333333333333333,"heavy":0.3333333333333333,"so":0.3333333333333333},"sweaty":{"knees":1},"knees":{"weak":1},"weak":{"arms":1},"arms":{"are":1},"there's":{"vomit":0.5,"no":0.5},"vomit":{"on":1},"on":{"his":0.16666666666666666,"the":0.16666666666666666,"forgetting":0.16666666666666666,"him":0.16666666666666666,"to":0.16666666666666666,"and":0.16666666666666666},"sweater":{"already":1},"already":{"mom's":1},"mom's":{"spaghetti":1},"he's":{"nervous":0.1,"choking":0.1,"so":0.2,"dope":0.1,"broke":0.1,"known":0.1,"knows":0.1,"no":0.1,"cold":0.1},"nervous":{"but":1},"but":{"on":0.1,"he":0.2,"the":0.2,"he's":0.1,"superstardom's":0.1,"hold":0.1,"i":0.1,"this":0.1},"the":{"surface":0.030303030303030304,"whole":0.030303030303030304,"words":0.030303030303030304,"clock's":0.030303030303030304,"lab":0.030303030303030304,"music":0.18181818181818182,"moment":0.18181818181818182,"soul's":0.030303030303030304,"taking":0.030303030303030304,"globetrotter":0.030303030303030304,"cold":0.030303030303030304,"next":0.06060606060606061,"soap":0.030303030303030304,"beat":0.030303030303030304,"beginning":0.030303030303030304,"mood":0.030303030303030304,"pied":0.030303030303030304,"pain":0.030303030303030304,"fact":0.030303030303030304,"right":0.030303030303030304,"point":0.030303030303030304,"only":0.030303030303030304},"surface":{"he":1},"he":{"looks":0.06666666666666667,"keeps":0.06666666666666667,"wrote":0.06666666666666667,"opens":0.06666666666666667,"choked":0.06666666666666667,"won't":0.13333333333333333,"knows":0.2,"goes":0.13333333333333333,"better":0.06666666666666667,"blows":0.06666666666666667,"nose":0.06666666666666667},"looks":{"calm":1},"calm":{"and":1},"and":{"ready":0.07142857142857142,"hope":0.07142857142857142,"barely":0.07142857142857142,"sold":0.07142857142857142,"unfolds":0.07142857142857142,"spit":0.07142857142857142,"booed":0.07142857142857142,"stepped":0.07142857142857142,"i":0.07142857142857142,"it's":0.14285714285714285,"these":0.07142857142857142,"water":0.07142857142857142,"a":0.07142857142857142},"ready":{"to":1},"drop":{"bombs":1},"keeps":{"on":1},"forgetting":{"what":1},"what":{"he":0.5,"you":0.5},"wrote":{"down":1},"down":{"the":1},"whole":{"crowd":0.3333333333333333,"back's":0.3333333333333333,"rhapsody":0.3333333333333333},"crowd":{"goes":1},"goes":{"so":0.14285714285714285,"gravity":0.14285714285714285,"rabbit":0.14285714285714285,"back":0.14285714285714285,"home":0.14285714285714285,"the":0.14285714285714285,"on":0.14285714285714285},"so":{"loud":0.16666666666666666,"mad":0.16666666666666666,"stagnant":0.16666666666666666,"the":0.16666666666666666,"hard":0.16666666666666666,"here":0.16666666666666666},"opens":{"his":1},"mouth":{"but":1},"words":{"won't":1},"won't":{"come":0.3333333333333333,"give":0.3333333333333333,"have":0.3333333333333333},"come":{"out":1},"choking":{"how":1},"how":{"everybody's":1},"everybody's":{"joking":1},"joking":{"now":1},"clock's":{"run":1},"run":{"out":1},"out":{"time's":0.5,"and":0.5},"time's":{"up":1},"up":{"over":0.2,"that":0.2,"and":0.2,"between":0.2,"in":0.2},"over":{"blaow!":1},"snap":{"back":1},"back":{"to":1},"oh":{"there":1},"there":{"goes":1},"rabbit":{"he":1},"mad":{"but":1},"give":{"up":1},"that":{"easy":0.2,"but":0.2,"is":0.2,"i":0.4},"easy":{"no":1},"have":{"it":1},"knows":{"his":0.4,"that":0.2,"when":0.2,"is":0.2},"back's":{"to":1},"these":{"ropes":0.25,"hoes":0.25,"goddamn":0.25,"times":0.25},"don't":{"matter":0.25,"pass":0.25,"want":0.25,"buy":0.25},"matter":{"he's":1},"stagnant":{"he":1},"when":{"he":0.5,"it's":0.5},"mobile":{"home":1},"home":{"that's":0.3333333333333333,"he's":0.3333333333333333,"and":0.3333333333333333},"that's":{"when":1},"lab":{"again":1},"again":{"yo":1},"this":{"whole":0.07142857142857142,"moment":0.07142857142857142,"opportunity":0.42857142857142855,"hole":0.07142857142857142,"world":0.07142857142857142,"motherfucking":0.07142857142857142,"is":0.07142857142857142,"trailer's":0.07142857142857142,"may":0.07142857142857142},"better":{"go":0.08333333333333333,"lose":0.4166666666666667,"never":0.5},"go":{"capture":0.5,"it's":0.5},"moment":{"and":1},"hope":{"it":1},"pass":{"him":1},"lose":{"yourself":1},"yourself":{"in":1},"in":{"the":0.4375,"a":0.375,"one":0.0625,"jail":0.0625,"salem's":0.0625},"music":{"the":1},"own":{"it":0.8571428571428571,"daughter":0.14285714285714285},"never":{"let":1},"only":{"get":0.6,"grows":0.1,"knows":0.1,"motherfucking":0.1,"opportunity":0.1},"get":{"one":0.8571428571428571,"by":0.14285714285714285},"do":{"not":0.8571428571428571,"anything":0.14285714285714285},"not":{"miss":0.8571428571428571,"this":0.14285714285714285},"miss":{"your":1},"your":{"chance":0.75,"nose":0.125,"mind":0.125},"chance":{"to":1},"opportunity":{"comes":0.8571428571428571,"that":0.14285714285714285},"comes":{"once":1},"once":{"in":1},"a":{"lifetime":0.5,"new":0.08333333333333333,"normal":0.08333333333333333,"father":0.08333333333333333,"prima":0.08333333333333333,"snail":0.08333333333333333,"plot":0.08333333333333333},"soul's":{"escaping":1},"escaping":{"through":1},"through":{"this":1},"hole":{"that":1},"is":{"gaping":0.125,"mine":0.125,"boring":0.125,"all":0.125,"grown":0.125,"told":0.125,"my":0.25},"world":{"is":0.5,"order":0.5},"mine":{"for":1},"for":{"the":0.3333333333333333,"my":0.3333333333333333,"me":0.3333333333333333},"make":{"me":1},"me":{"king":0.25,"to":0.5,"not":0.25},"king":{"as":1},"as":{"we":0.5,"the":0.5},"we":{"move":1},"move":{"toward":1},"toward":{"a":1},"new":{"world":1},"normal":{"life":1},"life":{"is":0.5,"for":0.5},"boring":{"but":1},"superstardom's":{"close":1},"close":{"to":1},"post":{"mortem":1},"grows":{"harder":0.5,"hotter":0.5},"harder":{"homie":1},"homie":{"grows":1},"blows":{"it's":1},"it's":{"all":0.2,"old":0.2,"no":0.2,"getting":0.2,"my":0.2},"all":{"over":0.25,"on":0.25,"changed":0.25,"the":0.25},"hoes":{"is":0.5,"don't":0.5},"coast":{"to":0.5,"shows":0.5},"shows":{"he's":1},"known":{"as":1},"lonely":{"roads":1},"roads":{"god":1},"god":{"only":1},"grown":{"farther":1},"farther":{"from":1},"from":{"home":1},"no":{"father":0.2,"more":0.4,"movie":0.2,"mekhi":0.2},"barely":{"knows":1},"hold":{"your":1},"nose":{"'cause":0.5,"dove":0.5},"'cause":{"here":0.5,"man":0.5},"here":{"goes":0.5,"i":0.5},"cold":{"water":0.5,"product":0.5},"want":{"him":1},"him":{"no":1},"more":{"he's":0.5,"games":0.5},"they":{"moved":1},"moved":{"on":1},"next":{"schmoe":0.5,"cypher":0.5},"schmoe":{"who":1},"who":{"flows":1},"dove":{"and":1},"sold":{"nada":1},"soap":{"opera":1},"opera":{"is":1},"told":{"and":1},"i":{"suppose":0.1,